{
    "mean": {
        "mains": 112.61309252338954,
        "television": 3.290065280576644,
        "fan": 1.1201461202106593,
        "fridge": 33.14179246087838,
        "laptop computer": 8.40847428158796,
        "electric heating element": 12.684286397809798,
        "oven": 2.356454239543418,
        "unknown": 0.17602035399058658,
        "washing machine": 4.312618743833294,
        "microwave": 4.828897015426873,
        "toaster": 0.6521601285668509,
        "sockets": 1.793004003799298,
        "cooker": 8.863180743686044,
        "temperature": 13.114261994232281,
        "humidity": 0.8295154242770196,
        "occupied": 0.6057533613812562
    },
    "std": {
        "mains": 142.7115398885817,
        "television": 12.338957038782176,
        "fan": 5.717884797808559,
        "fridge": 45.017042426623995,
        "laptop computer": 12.646262353188614,
        "electric heating element": 22.198956243695,
        "oven": 42.740899551480105,
        "unknown": 6.62994592289333,
        "washing machine": 65.7196550148718,
        "microwave": 58.98109837631269,
        "toaster": 19.283117031578882,
        "sockets": 2.803147864503002,
        "cooker": 66.15093726879707,
        "temperature": 4.949314848407064,
        "humidity": 0.13166378409204232,
        "occupied": 0.4884033576004085
    }
}