{
    "mean": {
        "mains": 110.57277369020188,
        "television": 3.490218906253153,
        "fan": 1.0196066939276718,
        "fridge": 33.11724522812548,
        "laptop computer": 8.443110063920345,
        "electric heating element": 11.085617876585557,
        "oven": 1.9384698758513579,
        "unknown": 0.1565849160561831,
        "washing machine": 4.253877333228639,
        "microwave": 4.451078918978222,
        "toaster": 0.5524526649916266,
        "sockets": 1.710861408447444,
        "cooker": 8.797160844904862,
        "temperature": 13.393262138611153,
        "humidity": 0.81983638338102,
        "occupied": 0.5845185680751566
    },
    "std": {
        "mains": 147.03016507058854,
        "television": 12.867318429429059,
        "fan": 5.470364613642921,
        "fridge": 45.623481754380386,
        "laptop computer": 12.755418447880047,
        "electric heating element": 21.73650056688107,
        "oven": 40.72347371558039,
        "unknown": 7.35792193703675,
        "washing machine": 66.52220033190544,
        "microwave": 61.82365041263131,
        "toaster": 18.791107418672173,
        "sockets": 2.5756917219533038,
        "cooker": 65.96630686599694,
        "temperature": 4.7946212625879765,
        "humidity": 0.13741824285477278,
        "occupied": 0.4927777744440085
    }
}