{
    "mean": {
        "mains": 110.57352838707753,
        "television": 3.490527923254599,
        "fan": 1.0195709725674102,
        "fridge": 33.11753479880234,
        "laptop computer": 8.443346734224917,
        "electric heating element": 11.085461327948007,
        "oven": 1.9384019626243625,
        "unknown": 0.15657943018968581,
        "washing machine": 4.2537541513034665,
        "microwave": 4.450965119166315,
        "toaster": 0.5524333101160585,
        "sockets": 1.7109283441221264,
        "cooker": 8.79685264120827,
        "temperature": 13.393228341202182,
        "humidity": 0.8198398425120762,
        "occupied": 0.5845256168565758
    },
    "std": {
        "mains": 140.9197635505882,
        "television": 12.85528801921876,
        "fan": 5.455549055235548,
        "fridge": 44.95237969332407,
        "laptop computer": 12.703013654501042,
        "electric heating element": 20.594097205555297,
        "oven": 39.48437070986349,
        "unknown": 6.315086822540615,
        "washing machine": 65.59615562562857,
        "microwave": 54.947869526851065,
        "toaster": 17.741720542443534,
        "sockets": 2.57018690858699,
        "cooker": 65.69462343772022,
        "temperature": 4.794722408508711,
        "humidity": 0.1374180327549733,
        "occupied": 0.492531012097178
    }
}